Type,Region,Make,Gear_Type,Origin,Options,Year,Engine_Size,Mileage,Negotiable,Price
Avalon,Riyadh,Toyota,Automatic,Saudi,Standard,2016,3.5,110864,False,81500
Land Cruiser,Riyadh,Toyota,Automatic,Saudi,Full,2011,4.6,79000,False,145000
FJ,Riyadh,Toyota,Automatic,Saudi,Semi Full,2020,4.0,17000,False,140000
Land Cruiser,Riyadh,Toyota,Automatic,Saudi,Full,2019,4.6,71000,False,200000
Corolla,Jazan,Toyota,Automatic,Saudi,Semi Full,2013,1.6,296,False,30000
Land Cruiser Pickup,Riyadh,Toyota,Manual,Saudi,Standard,2018,4.0,98000,False,105000
Camry,Taef,Toyota,Automatic,Saudi,Semi Full,2001,9.0,150000,False,15000
Previa,Riyadh,Toyota,Automatic,Gulf Arabic,Full,2015,2.4,156000,False,56500
FJ,Jeddah,Toyota,Automatic,Saudi,Full,2015,4.0,228000,False,90000
Hilux,Dammam,Toyota,Manual,Saudi,Semi Full,2016,2.7,210800,False,62000
Land Cruiser,Qassim,Toyota,Automatic,Saudi,Full,2019,4.5,82808,False,230000
Innova,Jeddah,Toyota,Automatic,Saudi,Standard,2018,2.7,91440,False,68000
Corolla,Riyadh,Toyota,Automatic,Saudi,Standard,2017,1.6,66200,False,51000
Innova,Qassim,Toyota,Automatic,Saudi,Semi Full,2015,2.7,216,False,39000
Avalon,Jeddah,Toyota,Automatic,Saudi,Semi Full,2014,3.5,188257,False,78500
Camry,Qassim,Toyota,Automatic,Gulf Arabic,Standard,2016,2.5,117000,False,60000
Furniture,Taef,Toyota,Manual,Saudi,Standard,2009,2.7,530500,False,33000
Land Cruiser 70,Makkah,Toyota,Manual,Saudi,Full,2015,2.6,180000,False,80000
Hilux,Al-Jouf,Toyota,Manual,Saudi,Full,2017,2.7,168000,False,81000
Corolla,Al-Ahsa,Toyota,Automatic,Saudi,Full,2016,1.6,86500,False,48000
Hiace,Riyadh,Toyota,Manual,Saudi,Standard,2017,2.7,192692,False,68500
Corolla,Qassim,Toyota,Automatic,Saudi,Standard,2013,1.6,334000,False,36500
Camry,Riyadh,Toyota,Automatic,Saudi,Standard,2017,2.5,101732,False,61500
Camry,Jeddah,Toyota,Automatic,Gulf Arabic,Semi Full,2010,2.5,145,False,25000
Yaris,Dammam,Toyota,Automatic,Saudi,Semi Full,2016,1.5,9800,False,32000
Corolla,Riyadh,Toyota,Automatic,Saudi,Standard,2017,1.6,92412,False,44500
Camry,Dammam,Toyota,Automatic,Saudi,Standard,2017,2.5,180000,False,58000
Yaris,Riyadh,Toyota,Automatic,Saudi,Standard,2014,1.4,201000,False,23000
Camry,Dammam,Toyota,Automatic,Saudi,Standard,2016,2.5,63000,False,58000
Yaris,Riyadh,Toyota,Automatic,Saudi,Standard,2017,1.4,125000,False,30000
Camry,Makkah,Toyota,Automatic,Saudi,Full,2020,2.4,2000,False,119000
Hilux,Najran,Toyota,Manual,Saudi,Full,2018,2.7,122000,False,65000
Land Cruiser,Riyadh,Toyota,Automatic,Saudi,Full,2010,4.6,344000,False,88000
Corolla,Riyadh,Toyota,Automatic,Saudi,Full,2003,1.0,50000,False,15000
Land Cruiser,Hail,Toyota,Manual,Gulf Arabic,Full,2013,1.0,378000,False,75000
Hilux,Dammam,Toyota,Manual,Saudi,Full,2016,2.7,174172,False,65000
Hilux,Jazan,Toyota,Manual,Saudi,Semi Full,2017,2.7,106737,False,75000
Land Cruiser Pickup,Tabouk,Toyota,Manual,Saudi,Semi Full,2015,4.0,96000,False,95000
Land Cruiser,Riyadh,Toyota,Automatic,Saudi,Semi Full,2005,4.0,446,False,50000
FJ,Jeddah,Toyota,Automatic,Saudi,Standard,2016,4.0,130,False,100000
Land Cruiser,Riyadh,Toyota,Automatic,Gulf Arabic,Full,2016,4.6,42000,False,138000
Prado,Riyadh,Toyota,Automatic,Gulf Arabic,Semi Full,2017,4.0,67357,False,126000
Land Cruiser Pickup,Aseer,Toyota,Manual,Saudi,Standard,1983,1.5,2580,False,15000
Land Cruiser 70,Riyadh,Toyota,Manual,Saudi,Standard,2018,4.0,86852,False,109000
Land Cruiser,Riyadh,Toyota,Automatic,Gulf Arabic,Full,2019,4.0,30000,False,194500
Camry,Al-Baha,Toyota,Automatic,Gulf Arabic,Standard,2014,2.2,80250,False,55000
Rav4,Riyadh,Toyota,Automatic,Saudi,Standard,2018,2.5,163000,False,69500
Innova,Riyadh,Toyota,Automatic,Saudi,Full,2015,2.7,226000,False,45000
Camry,Al-Baha,Toyota,Manual,Saudi,Standard,2008,2.4,388000,False,17000
Camry,Riyadh,Toyota,Automatic,Saudi,Full,2013,2.5,185000,False,42000
Land Cruiser 70,Hail,Toyota,Manual,Saudi,Semi Full,2011,4.0,352500,False,58000
Prado,Riyadh,Toyota,Automatic,Gulf Arabic,Semi Full,2018,4.0,179858,False,121500
Camry,Dammam,Toyota,Automatic,Saudi,Full,2020,3.5,26000,False,126000
Land Cruiser Pickup,Riyadh,Toyota,Manual,Saudi,Full,2015,4.0,203843,False,90000
FJ,Qassim,Toyota,Automatic,Gulf Arabic,Full,2017,4.0,114000,False,115000
Furniture,Aseer,Toyota,Automatic,Saudi,Semi Full,2013,4.1,285000,False,55000
Hilux,Abha,Toyota,Manual,Saudi,Full,2015,2.7,157000,False,60000
Innova,Jeddah,Toyota,Automatic,Saudi,Semi Full,2007,2.7,199800,False,25000
Hilux,Jeddah,Toyota,Manual,Saudi,Full,2018,2.7,27000,False,88000
Yaris,Abha,Toyota,Automatic,Saudi,Standard,2011,1.3,300500,False,14000
Camry,Dammam,Toyota,Automatic,Saudi,Standard,2017,2.5,125000,False,66000
Yaris,Riyadh,Toyota,Automatic,Saudi,Standard,2017,1.4,50000,False,33000
Land Cruiser,Aseer,Toyota,Automatic,Saudi,Full,2013,4.6,101000,False,150000
Land Cruiser,Dammam,Toyota,Automatic,Saudi,Full,2013,4.6,281000,False,135000
Land Cruiser 70,Dammam,Toyota,Manual,Saudi,Semi Full,2014,4.0,70000,False,69000
Corolla,Dammam,Toyota,Automatic,Saudi,Standard,2017,1.6,100000,False,44000
Camry,Hafar Al-Batin,Toyota,Automatic,Saudi,Semi Full,2020,2.5,53800,False,1700
Corolla,Riyadh,Toyota,Automatic,Saudi,Standard,2020,1.6,16479,False,56000
Camry,Dammam,Toyota,Automatic,Saudi,Standard,2017,2.5,126000,False,63000
Land Cruiser,Riyadh,Toyota,Automatic,Saudi,Semi Full,2019,4.6,41000,False,190000
Innova,Jubail,Toyota,Automatic,Saudi,Full,2015,2.7,114000,False,49000
Land Cruiser,Riyadh,Toyota,Automatic,Saudi,Full,2020,4.6,18000,False,285000
Camry,Qassim,Toyota,Automatic,Other,Standard,2016,2.5,148254,False,59000
Camry,Jeddah,Toyota,Manual,Saudi,Standard,2009,2.5,350000,False,25000
Land Cruiser,Dammam,Toyota,Automatic,Saudi,Full,2006,4.5,215000,False,79000
Yaris,Jubail,Toyota,Manual,Saudi,Standard,2016,1.5,134000,False,23000
Land Cruiser,Riyadh,Toyota,Automatic,Saudi,Full,2019,4.6,177900,False,220000
Furniture,Jeddah,Toyota,Automatic,Saudi,Standard,2011,2.7,304000,False,32000
Rush,Jeddah,Toyota,Automatic,Saudi,Standard,2020,1.5,55000,False,52000
Hilux,Dammam,Toyota,Manual,Saudi,Standard,2017,2.7,73000,False,72000
Camry,Jeddah,Toyota,Automatic,Saudi,Semi Full,2016,2.5,238000,False,48500
Hilux,Jeddah,Toyota,Manual,Saudi,Full,2014,2.7,180000,False,52000
Land Cruiser,Dammam,Toyota,Automatic,Saudi,Full,2015,4.6,83000,False,160000
Innova,Riyadh,Toyota,Automatic,Saudi,Standard,2017,2.7,203312,False,62500
Camry,Dammam,Toyota,Automatic,Other,Semi Full,2001,2.5,346900,False,17000
Hiace,Riyadh,Toyota,Manual,Other,Standard,2016,2.7,99999,False,69000
Avalon,Tabouk,Toyota,Automatic,Saudi,Semi Full,2019,3.5,60000,False,115000
Camry,Qassim,Toyota,Automatic,Gulf Arabic,Standard,2016,2.5,116987,False,58000
Furniture,Riyadh,Toyota,Automatic,Other,Semi Full,2013,2.4,170000,False,55000
Hilux,Tabouk,Toyota,Manual,Saudi,Semi Full,2013,2.7,290,False,55000
Yaris,Jeddah,Toyota,Automatic,Saudi,Standard,2018,1.5,117313,False,32500
Hilux,Dammam,Toyota,Manual,Saudi,Standard,2015,2.7,183000,False,60000
Furniture,Riyadh,Toyota,Automatic,Saudi,Semi Full,2020,2.7,11571,False,116500
Land Cruiser,Riyadh,Toyota,Automatic,Saudi,Full,2018,5.7,82000,False,220000
Land Cruiser,Al-Medina,Toyota,Automatic,Saudi,Full,2006,4.5,311100,False,63000
Ciocca,Riyadh,Toyota,Automatic,Saudi,Standard,2016,5.7,348000,False,79000
Hilux,Aseer,Toyota,Manual,Saudi,Full,2020,2.4,34000,False,120000
Prado,Riyadh,Toyota,Automatic,Saudi,Semi Full,2016,4.0,192901,False,114500
Land Cruiser,Taef,Toyota,Automatic,Saudi,Standard,2007,1.2,300000,False,30000
Camry,Riyadh,Toyota,Automatic,Saudi,Semi Full,2013,2.5,300000,False,35000
Camry,Qassim,Toyota,Manual,Saudi,Standard,2001,1.4,300,False,13500
Camry,Jeddah,Toyota,Automatic,Saudi,Semi Full,2008,1.7,280000,False,17000
Corolla,Riyadh,Toyota,Automatic,Saudi,Semi Full,2017,1.6,107000,False,39000
Corolla,Yanbu,Toyota,Automatic,Saudi,Standard,2019,1.6,39000,False,52000
Land Cruiser,Jeddah,Toyota,Automatic,Saudi,Full,2019,4.6,38000,False,248000
Corolla,Dammam,Toyota,Automatic,Saudi,Standard,2018,1.6,67000,False,52000
Corolla,Taef,Toyota,Automatic,Saudi,Standard,2018,1.6,65000,False,52000
FJ,Dammam,Toyota,Automatic,Saudi,Semi Full,2014,4.0,199000,False,95000
Furniture,Makkah,Toyota,Automatic,Saudi,Standard,2015,2.7,250000,False,55000
Avalon,Riyadh,Toyota,Automatic,Saudi,Standard,2008,3.5,320000,False,30000
FJ,Qassim,Toyota,Automatic,Saudi,Full,2015,2.7,230000,False,85000
Prado,Jazan,Toyota,Automatic,Saudi,Full,2012,4.0,240000,False,70000
Land Cruiser Pickup,Riyadh,Toyota,Manual,Saudi,Semi Full,2013,4.0,105154,False,85000
Avalon,Riyadh,Toyota,Automatic,Saudi,Full,2017,3.5,104159,False,106500
Corolla,Jeddah,Toyota,Automatic,Saudi,Standard,2014,1.6,275000,False,25000
Yaris,Dammam,Toyota,Automatic,Saudi,Standard,2018,1.5,122000,False,37000
Innova,Makkah,Toyota,Automatic,Saudi,Standard,2015,2.7,250000,False,38500
Rav4,Jeddah,Toyota,Automatic,Saudi,Standard,2018,2.5,72000,False,95000
Hiace,Riyadh,Toyota,Manual,Saudi,Standard,2017,2.7,555555,False,73000
Hilux,Al-Medina,Toyota,Manual,Saudi,Semi Full,2016,1.0,121,False,60500
Camry,Tabouk,Toyota,Manual,Saudi,Standard,1999,2.4,400,False,20000
Camry,Qassim,Toyota,Automatic,Unknown,Full,2005,2.5,437000,False,13000
Rush,Khobar,Toyota,Automatic,Saudi,Semi Full,2021,1.5,9000,False,59500
Hiace,Abha,Toyota,Manual,Saudi,Standard,2016,2.7,180000,False,72000
Hilux,Dammam,Toyota,Manual,Saudi,Standard,2016,1.5,131006,False,58000
Prado,Jeddah,Toyota,Automatic,Saudi,Full,2016,4.0,143000,False,120000
Hilux,Riyadh,Toyota,Manual,Saudi,Semi Full,2017,2.7,44000,False,78000
Camry,Jeddah,Toyota,Automatic,Gulf Arabic,Standard,2014,2.5,130000,False,37000
Innova,Al-Medina,Toyota,Automatic,Saudi,Standard,2013,2.7,286000,False,38000
Yaris,Yanbu,Toyota,Automatic,Saudi,Standard,2016,1.5,100,False,32000
Corolla,Jeddah,Toyota,Automatic,Saudi,Standard,2018,1.6,65000,False,57000
Corolla,Jeddah,Toyota,Automatic,Saudi,Standard,2015,1.6,160000,False,27500
Yaris,Qassim,Toyota,Automatic,Saudi,Standard,2019,1.5,54000,False,35000
Corolla,Riyadh,Toyota,Automatic,Saudi,Semi Full,2016,1.6,138661,False,47500
Hilux,Riyadh,Toyota,Automatic,Gulf Arabic,Semi Full,2014,2.7,21000,False,75000
Hilux,Dammam,Toyota,Manual,Saudi,Full,2020,2.4,29000,False,142000
Land Cruiser,Dammam,Toyota,Automatic,Saudi,Full,2019,5.7,6000,False,298000
Furniture,Jeddah,Toyota,Automatic,Saudi,Standard,2019,2.7,60000,False,97000
Furniture,Aseer,Toyota,Automatic,Saudi,Standard,2021,2.7,11000,False,100000
Innova,Al-Medina,Toyota,Automatic,Saudi,Standard,2015,2.7,122000,False,43000
Camry,Riyadh,Toyota,Automatic,Other,Standard,2016,2.5,96000,False,60000
Land Cruiser,Dammam,Toyota,Manual,Saudi,Semi Full,2002,4.0,3000,False,42000
Innova,Riyadh,Toyota,Automatic,Saudi,Full,2017,2.7,175559,False,76500
Prado,Jeddah,Toyota,Automatic,Saudi,Full,2015,3.6,225989,False,84000
Camry,Jeddah,Toyota,Automatic,Saudi,Semi Full,2014,2.5,117000,False,43000
Avanza,Hafar Al-Batin,Toyota,Automatic,Saudi,Standard,2016,1.6,115,False,30000
Corolla,Dammam,Toyota,Automatic,Saudi,Standard,2016,1.6,238000,False,40500
Furniture,Jeddah,Toyota,Automatic,Saudi,Semi Full,2015,2.7,114900,False,55000
Land Cruiser Pickup,Dammam,Toyota,Manual,Saudi,Semi Full,2015,4.0,157000,False,90000
Innova,Al-Medina,Toyota,Automatic,Saudi,Standard,2014,2.5,163000,False,39000
Camry,Dammam,Toyota,Automatic,Saudi,Semi Full,2017,2.5,125000,False,53000
Hilux,Riyadh,Toyota,Manual,Saudi,Semi Full,2016,2.7,156495,False,62500
Corolla,Jeddah,Toyota,Automatic,Saudi,Standard,2017,1.6,157000,False,47500
Ciocca,Dammam,Toyota,Automatic,Saudi,Full,2016,5.7,150000,False,135000
Previa,Riyadh,Toyota,Automatic,Gulf Arabic,Standard,2017,2.4,139000,False,69000
Hilux,Dammam,Toyota,Manual,Gulf Arabic,Semi Full,2016,2.7,70000,False,77000
Camry,Riyadh,Toyota,Automatic,Saudi,Full,2019,2.5,49000,False,82000
Camry,Riyadh,Toyota,Automatic,Saudi,Standard,2016,2.5,183541,False,53000
Previa,Riyadh,Toyota,Automatic,Saudi,Standard,2002,2.9,30923,False,12000
Hiace,Riyadh,Toyota,Manual,Saudi,Standard,2017,2.7,133148,False,70000
Hilux,Dammam,Toyota,Manual,Saudi,Semi Full,2018,2.7,201000,False,85000
Camry,Makkah,Toyota,Automatic,Other,Full,2009,2.5,350000,False,25000
Hilux,Qassim,Toyota,Manual,Saudi,Full,2015,2.7,328000,False,66000
Rav4,Riyadh,Toyota,Automatic,Saudi,Full,2014,2.5,155,False,55000
Land Cruiser,Riyadh,Toyota,Automatic,Gulf Arabic,Semi Full,2003,1.0,479364,False,35000
Camry,Riyadh,Toyota,Automatic,Saudi,Standard,2017,2.4,97000,False,68000
Camry,Al-Medina,Toyota,Automatic,Saudi,Full,2007,2.5,420,False,30000
Land Cruiser,Riyadh,Toyota,Automatic,Saudi,Full,2014,5.7,175023,False,150000
Land Cruiser,Qurayyat,Toyota,Automatic,Saudi,Full,2009,5.7,470000,False,76000
Camry,Dammam,Toyota,Automatic,Saudi,Full,2019,3.5,86000,False,110000
Previa,Riyadh,Toyota,Automatic,Gulf Arabic,Standard,2017,2.4,139000,False,62000
Rush,Jeddah,Toyota,Automatic,Saudi,Full,2019,1.5,40000,False,57000
Prado,Dammam,Toyota,Automatic,Gulf Arabic,Semi Full,2018,4.0,19000,False,143000
Camry,Riyadh,Toyota,Automatic,Saudi,Full,2017,2.5,95794,False,74500
Ciocca,Riyadh,Toyota,Automatic,Saudi,Standard,2012,5.7,376000,False,65000
Land Cruiser,Dammam,Toyota,Automatic,Saudi,Full,2019,4.6,53000,False,255000
Rav4,Najran,Toyota,Automatic,Saudi,Standard,2020,2.0,30000,False,93000
Hilux,Jeddah,Toyota,Manual,Saudi,Semi Full,2019,2.7,23000,False,90000
Land Cruiser,Jazan,Toyota,Manual,Saudi,Semi Full,2002,4.5,400,False,40000
Land Cruiser,Hail,Toyota,Automatic,Saudi,Full,2008,8.0,295000,False,65000
Innova,Riyadh,Toyota,Automatic,Saudi,Standard,2017,2.7,57482,False,69500
Camry,Abha,Toyota,Automatic,Unknown,Standard,2017,2.5,120000,False,59000
Land Cruiser Pickup,Qassim,Toyota,Manual,Gulf Arabic,Standard,2017,4.0,25471,False,122000
Land Cruiser,Jeddah,Toyota,Automatic,Gulf Arabic,Full,2011,4.5,193000,False,110000
FJ,Riyadh,Toyota,Automatic,Saudi,Standard,2020,4.0,87700,False,117000
Camry,Dammam,Toyota,Automatic,Saudi,Standard,2018,2.5,179000,False,76000
Camry,Dammam,Toyota,Automatic,Gulf Arabic,Standard,2020,2.5,16500,False,86900
Camry,Arar,Toyota,Automatic,Saudi,Standard,2007,1.1,100000,False,22000
Furniture,Al-Medina,Toyota,Automatic,Saudi,Semi Full,2015,2.7,300,False,52000
Camry,Riyadh,Toyota,Automatic,Gulf Arabic,Full,2016,2.5,247,False,55000
Camry,Qassim,Toyota,Automatic,Saudi,Full,2016,2.5,155000,False,52000
Hilux,Riyadh,Toyota,Automatic,Saudi,Full,2019,2.7,80000,False,120000
Land Cruiser,Dammam,Toyota,Manual,Saudi,Standard,1994,4.6,600000,False,25000
Camry,Dammam,Toyota,Automatic,Saudi,Standard,2017,2.5,319000,False,46000
Land Cruiser,Riyadh,Toyota,Automatic,Saudi,Full,2018,4.6,141197,False,195000
Yaris,Riyadh,Toyota,Automatic,Saudi,Standard,2017,1.6,167000,False,29000
Hilux,Jazan,Toyota,Manual,Saudi,Standard,2014,1.0,160,False,50000
Avanza,Riyadh,Toyota,Automatic,Saudi,Standard,2016,1.6,160000,False,28000
Rav4,Riyadh,Toyota,Automatic,Saudi,Standard,2018,2.5,153000,False,66000
Land Cruiser Pickup,Dammam,Toyota,Manual,Saudi,Full,2018,4.0,28000,False,147000
Hilux,Jubail,Toyota,Manual,Gulf Arabic,Semi Full,2017,2.7,83000,False,76000
Land Cruiser,Taef,Toyota,Automatic,Saudi,Standard,2009,5.0,319,False,75000
Camry,Dammam,Toyota,Automatic,Gulf Arabic,Full,2016,2.6,183000,False,70000
Hiace,Dammam,Toyota,Manual,Saudi,Standard,2016,2.7,350000,False,60000
Corolla,Riyadh,Toyota,Automatic,Saudi,Standard,2018,1.6,90000,False,48500
Land Cruiser,Dammam,Toyota,Automatic,Saudi,Full,2017,5.7,50000,False,245000
Land Cruiser,Khobar,Toyota,Automatic,Saudi,Semi Full,2003,4.5,397000,False,34000
Hilux,Aseer,Toyota,Manual,Saudi,Full,2019,2.7,28000,False,72500
Corolla,Riyadh,Toyota,Automatic,Saudi,Standard,2009,1.6,480000,False,15000
Ciocca,Makkah,Toyota,Automatic,Saudi,Semi Full,2009,5.7,275000,False,55000
Innova,Dammam,Toyota,Automatic,Saudi,Standard,2017,2.7,145997,False,64000
Land Cruiser,Riyadh,Toyota,Automatic,Gulf Arabic,Full,2013,1.0,495,False,90000
Rav4,Al-Ahsa,Toyota,Automatic,Other,Full,2018,2.7,56625,False,82500
Camry,Riyadh,Toyota,Manual,Saudi,Standard,2008,2.5,298000,False,20000
Camry,Riyadh,Toyota,Automatic,Saudi,Semi Full,2017,2.4,190000,False,54000
Hilux,Riyadh,Toyota,Manual,Saudi,Full,2015,2.7,157000,False,60000
Ciocca,Dammam,Toyota,Automatic,Saudi,Semi Full,2016,5.7,333000,False,78000
Furniture,Jeddah,Toyota,Automatic,Saudi,Standard,2020,2.7,1200,False,110000
Land Cruiser,Dammam,Toyota,Automatic,Saudi,Full,2011,4.6,145000,False,95000
Camry,Qassim,Toyota,Automatic,Gulf Arabic,Standard,2019,2.5,34727,False,83000
Land Cruiser,Najran,Toyota,Manual,Saudi,Semi Full,1988,4.0,195000,False,30000
Corolla,Riyadh,Toyota,Automatic,Gulf Arabic,Semi Full,2020,1.6,66796,False,1872
Land Cruiser,Riyadh,Toyota,Automatic,Saudi,Full,2011,4.0,349266,False,100000
Prado,Dammam,Toyota,Automatic,Gulf Arabic,Full,2019,4.0,89000,False,151000
Yaris,Jeddah,Toyota,Automatic,Saudi,Semi Full,2017,1.2,82000,False,34000
Hilux,Dammam,Toyota,Manual,Saudi,Full,2009,2.7,400,False,32000
Prado,Dammam,Toyota,Automatic,Gulf Arabic,Semi Full,2018,4.0,80000,False,142000
Ciocca,Jubail,Toyota,Automatic,Saudi,Semi Full,2010,5.7,270000,False,65000
Hilux,Aseer,Toyota,Manual,Saudi,Full,2015,2.7,276,False,57000
Land Cruiser 70,Riyadh,Toyota,Manual,Saudi,Standard,2003,1.6,230000,False,69000
FJ,Tabouk,Toyota,Automatic,Saudi,Full,2016,4.0,148,False,98000
Hilux,Aseer,Toyota,Manual,Saudi,Full,2018,2.7,48000,False,90000
Rav4,Jeddah,Toyota,Automatic,Saudi,Semi Full,2017,2.4,190000,False,60000
Land Cruiser,Jeddah,Toyota,Automatic,Gulf Arabic,Semi Full,2020,5.7,124000,False,250000
Aurion,Riyadh,Toyota,Automatic,Saudi,Full,2009,3.5,373000,False,33500
Hilux,Riyadh,Toyota,Manual,Saudi,Full,2018,2.7,94458,False,91500
Furniture,Qassim,Toyota,Automatic,Saudi,Semi Full,2021,2.4,29000,False,145000
Avalon,Riyadh,Toyota,Automatic,Saudi,Standard,2019,3.5,43418,False,115000
Land Cruiser,Riyadh,Toyota,Automatic,Saudi,Full,2019,3.2,43000,False,236000
Camry,Riyadh,Toyota,Manual,Saudi,Standard,2007,2.5,192000,False,20000
Furniture,Dammam,Toyota,Automatic,Saudi,Full,2015,4.0,26000,False,52000
Hilux,Al-Ahsa,Toyota,Automatic,Saudi,Full,2016,2.7,90000,False,79000
Avanza,Riyadh,Toyota,Automatic,Saudi,Semi Full,2018,1.6,41000,False,45000
Land Cruiser,Jeddah,Toyota,Automatic,Saudi,Full,2019,4.6,52000,False,248000
Hilux,Dammam,Toyota,Manual,Gulf Arabic,Standard,2018,2.4,130000,False,80000
Prado,Aseer,Toyota,Automatic,Saudi,Semi Full,2015,4.0,160000,False,105000
Avalon,Riyadh,Toyota,Automatic,Saudi,Semi Full,2021,3.5,6500,False,140000
Land Cruiser,Dammam,Toyota,Automatic,Saudi,Full,2007,4.5,315000,False,63000
Innova,Jeddah,Toyota,Automatic,Saudi,Standard,2018,2.7,87000,False,70000
Hilux,Jeddah,Toyota,Automatic,Saudi,Full,2016,2.8,97000,False,91000
Hilux,Qassim,Toyota,Manual,Saudi,Semi Full,2015,2.7,328000,False,65000
Corolla,Jeddah,Toyota,Manual,Saudi,Standard,2010,1.5,318800,False,18000
Land Cruiser,Jeddah,Toyota,Automatic,Saudi,Full,2018,5.7,125000,False,245000
Yaris,Makkah,Toyota,Automatic,Saudi,Standard,2017,1.3,100000,False,27000
FJ,Riyadh,Toyota,Automatic,Saudi,Full,2016,4.0,184000,False,100000
Hilux,Dammam,Toyota,Manual,Saudi,Standard,2016,2.7,220424,False,62000
Hiace,Riyadh,Toyota,Manual,Saudi,Standard,2017,2.7,134007,False,70000
Prado,Riyadh,Toyota,Automatic,Saudi,Semi Full,2018,4.0,56000,False,150000
Innova,Dammam,Toyota,Automatic,Saudi,Standard,2018,2.7,275916,False,67000
Ciocca,Al-Medina,Toyota,Automatic,Saudi,Standard,2013,5.7,114000,False,89000
Furniture,Al-Jouf,Toyota,Automatic,Saudi,Semi Full,2016,2.4,120000,False,92000
Land Cruiser Pickup,Riyadh,Toyota,Manual,Gulf Arabic,Full,2016,4.0,243038,False,93500
Camry,Jeddah,Toyota,Automatic,Saudi,Standard,2016,2.5,130000,False,55000
Rav4,Makkah,Toyota,Automatic,Saudi,Full,2018,1.8,63000,False,90000
Furniture,Riyadh,Toyota,Manual,Saudi,Semi Full,2015,4.0,70346,False,80500
Corolla,Al-Medina,Toyota,Automatic,Saudi,Standard,2013,1.6,186000,False,27000
Prado,Riyadh,Toyota,Automatic,Saudi,Semi Full,2020,2.7,5000,False,153000
Camry,Al-Medina,Toyota,Automatic,Gulf Arabic,Semi Full,2015,2.4,140000,False,45000
Corolla,Dammam,Toyota,Automatic,Saudi,Standard,2018,1.6,83000,False,45000
Camry,Dammam,Toyota,Automatic,Saudi,Standard,2015,2.5,277000,False,48000
Land Cruiser,Dammam,Toyota,Automatic,Saudi,Full,2015,5.7,119000,False,180000
Prado,Dammam,Toyota,Automatic,Saudi,Standard,2015,2.7,250000,False,78000
Camry,Taef,Toyota,Automatic,Saudi,Standard,2021,2.5,10000,False,1519
Hilux,Riyadh,Toyota,Manual,Saudi,Semi Full,2018,2.7,105558,False,76500
Yaris,Dammam,Toyota,Automatic,Saudi,Semi Full,2019,1.5,42628,False,38500
FJ,Riyadh,Toyota,Automatic,Gulf Arabic,Full,2017,1.6,74658,False,135000
Furniture,Riyadh,Toyota,Automatic,Saudi,Semi Full,2020,4.0,20406,False,132000
Furniture,Riyadh,Toyota,Automatic,Saudi,Full,2020,4.0,20000,False,130000
Avalon,Riyadh,Toyota,Automatic,Saudi,Semi Full,2015,3.5,167,False,51000
Furniture,Dammam,Toyota,Automatic,Saudi,Semi Full,2019,2.7,37000,False,107000
Yaris,Al-Ahsa,Toyota,Automatic,Saudi,Standard,2019,1.5,36000,False,43000
FJ,Dammam,Toyota,Automatic,Gulf Arabic,Full,2020,6.0,50000,False,140000
Hilux,Aseer,Toyota,Manual,Saudi,Full,1995,2.4,300,False,15000
Ciocca,Riyadh,Toyota,Automatic,Saudi,Full,2016,5.7,134000,False,90000
Hilux,Al-Medina,Toyota,Manual,Saudi,Semi Full,2014,2.7,309000,False,45000
Furniture,Riyadh,Toyota,Automatic,Saudi,Full,2017,2.7,236000,False,75000
Innova,Riyadh,Toyota,Manual,Saudi,Standard,2006,2.5,498000,False,18000
Hilux,Wadi Dawasir,Toyota,Automatic,Saudi,Full,2020,2.4,30000,False,147000
Innova,Riyadh,Toyota,Automatic,Saudi,Standard,2020,2.7,24552,False,76500
Yaris,Dammam,Toyota,Automatic,Saudi,Full,2020,1.5,2100,False,50000
Innova,Tabouk,Toyota,Automatic,Saudi,Full,2017,2.7,139400,False,58000
Innova,Riyadh,Toyota,Automatic,Saudi,Standard,2020,2.7,74000,False,75000
Hilux,Makkah,Toyota,Manual,Saudi,Standard,2009,1.5,25788,False,30000
Corolla,Khobar,Toyota,Automatic,Saudi,Semi Full,2018,1.6,124000,False,40000
Land Cruiser,Dammam,Toyota,Automatic,Gulf Arabic,Full,2020,4.6,19400,False,215000
Land Cruiser Pickup,Dammam,Toyota,Manual,Gulf Arabic,Full,2016,4.0,315,False,85000
Rav4,Riyadh,Toyota,Automatic,Other,Full,2018,2.5,61000,False,83000
FJ,Aseer,Toyota,Automatic,Gulf Arabic,Full,2015,4.0,200000,False,88000
Camry,Riyadh,Toyota,Automatic,Gulf Arabic,Full,2018,2.5,42000,False,95000
Avalon,Taef,Toyota,Automatic,Saudi,Full,2017,3.5,180000,False,95000
Innova,Dammam,Toyota,Automatic,Saudi,Standard,2014,2.7,123000,False,33000
Furniture,Al-Medina,Toyota,Automatic,Saudi,Full,2008,4.0,288000,False,36000
Corolla,Dammam,Toyota,Automatic,Saudi,Standard,2018,1.6,45370,False,49000
Camry,Wadi Dawasir,Toyota,Automatic,Saudi,Standard,2014,2.5,542966,False,22000
FJ,Dammam,Toyota,Automatic,Saudi,Full,2017,4.0,265000,False,110000
Land Cruiser,Dammam,Toyota,Manual,Saudi,Standard,2006,4.5,86000,False,90000
Hiace,Riyadh,Toyota,Manual,Saudi,Standard,2016,2.7,331000,False,62000
Yaris,Tabouk,Toyota,Automatic,Saudi,Standard,2017,1.5,12500,False,32000
Yaris,Dammam,Toyota,Automatic,Saudi,Standard,2016,1.5,119000,False,32000
Corolla,Dammam,Toyota,Automatic,Saudi,Standard,2018,1.6,73000,False,45000
Innova,Hafar Al-Batin,Toyota,Automatic,Saudi,Standard,2008,2.7,90000,False,20000
Prado,Hafar Al-Batin,Toyota,Automatic,Gulf Arabic,Semi Full,2017,1.0,95000,False,130000
Hilux,Riyadh,Toyota,Manual,Saudi,Full,2016,2.7,320000,False,65000
Prado,Riyadh,Toyota,Automatic,Gulf Arabic,Full,2019,4.0,58000,False,151000
Yaris,Jeddah,Toyota,Automatic,Saudi,Standard,2018,1.5,131000,False,35000
Camry,Tabouk,Toyota,Automatic,Saudi,Standard,2017,2.5,120,False,55000
Hilux,Qassim,Toyota,Manual,Saudi,Standard,2008,2.7,533399,False,35000
Hilux,Jeddah,Toyota,Manual,Saudi,Full,1995,2.7,900000,False,14000
Hilux,Arar,Toyota,Manual,Saudi,Full,2018,2.7,35000,False,85000
Corolla,Dammam,Toyota,Automatic,Saudi,Standard,2015,1.6,36000,False,45000
Land Cruiser,Qassim,Toyota,Manual,Gulf Arabic,Semi Full,2007,4.6,315,False,60000
Prado,Qassim,Toyota,Automatic,Saudi,Semi Full,2018,4.0,131000,False,137000
Yaris,Dammam,Toyota,Automatic,Saudi,Standard,2019,1.5,61000,False,38000
Camry,Al-Medina,Toyota,Automatic,Unknown,Full,2020,2.5,10616,False,104500
Camry,Al-Baha,Toyota,Automatic,Saudi,Full,2017,2.5,31000,False,75000
Land Cruiser,Riyadh,Toyota,Automatic,Saudi,Full,2007,4.8,514,False,60000
Hilux,Riyadh,Toyota,Manual,Gulf Arabic,Full,2016,2.7,220000,False,68000
Hilux,Al-Ahsa,Toyota,Automatic,Saudi,Full,2020,2.7,22000,False,120000
Furniture,Riyadh,Toyota,Automatic,Saudi,Semi Full,2017,2.7,400000,False,60000
Hilux,Riyadh,Toyota,Manual,Saudi,Semi Full,2018,2.7,111362,False,64500
Camry,Riyadh,Toyota,Automatic,Saudi,Standard,2016,2.5,136111,False,53500
Hilux,Riyadh,Toyota,Automatic,Gulf Arabic,Full,2019,2.7,32595,False,105000
Yaris,Dammam,Toyota,Automatic,Saudi,Standard,2016,1.5,190000,False,26000
Yaris,Jeddah,Toyota,Automatic,Saudi,Standard,2017,1.3,137200,False,32000
Hilux,Hail,Toyota,Automatic,Saudi,Semi Full,2016,2.7,162500,False,84000
Hilux,Makkah,Toyota,Automatic,Saudi,Semi Full,2016,2.7,211000,False,66000
Yaris,Jeddah,Toyota,Automatic,Saudi,Standard,2018,1.5,128000,False,32000
Prado,Dammam,Toyota,Automatic,Gulf Arabic,Semi Full,2018,4.0,92000,False,130000
Camry,Dammam,Toyota,Automatic,Saudi,Full,2017,2.5,135000,False,73000
Land Cruiser,Jeddah,Toyota,Manual,Saudi,Standard,2002,1.1,325605,False,30000
Yaris,Jeddah,Toyota,Automatic,Saudi,Standard,2018,1.5,79000,False,36000
Avalon,Jeddah,Toyota,Automatic,Saudi,Semi Full,2016,3.5,86000,False,87000
Furniture,Sakaka,Toyota,Automatic,Saudi,Full,2014,2.7,400000,False,50000
Land Cruiser Pickup,Riyadh,Toyota,Manual,Gulf Arabic,Full,2021,4.0,1519,False,175000
Furniture,Dammam,Toyota,Automatic,Saudi,Semi Full,2020,4.0,55000,False,123000
Land Cruiser 70,Riyadh,Toyota,Manual,Saudi,Semi Full,2012,4.0,327193,False,75000
Hilux,Tabouk,Toyota,Manual,Saudi,Standard,2011,1.4,300000,False,20000
FJ,Riyadh,Toyota,Automatic,Saudi,Full,2015,4.0,259880,False,89000
Camry,Dammam,Toyota,Automatic,Gulf Arabic,Standard,2017,2.5,107000,False,50000
Avalon,Riyadh,Toyota,Automatic,Gulf Arabic,Semi Full,2016,3.5,93000,False,75000
Land Cruiser,Riyadh,Toyota,Automatic,Gulf Arabic,Semi Full,2017,5.7,100000,False,210000
Prado,Dammam,Toyota,Automatic,Saudi,Full,2016,4.0,69900,False,128000
Yaris,Jeddah,Toyota,Automatic,Saudi,Standard,2018,1.5,134000,False,36000
Camry,Dammam,Toyota,Automatic,Saudi,Full,2019,2.5,97000,False,90000
Innova,Dammam,Toyota,Automatic,Saudi,Full,2016,2.7,101000,False,72000
Prado,Dammam,Toyota,Automatic,Gulf Arabic,Semi Full,2018,4.0,77000,False,139000
Camry,Riyadh,Toyota,Automatic,Saudi,Full,2016,4.0,260000,False,53000
Prado,Riyadh,Toyota,Automatic,Gulf Arabic,Full,2017,4.0,39000,False,151000
Furniture,Dammam,Toyota,Automatic,Saudi,Semi Full,2020,4.0,40000,False,132000
Camry,Jeddah,Toyota,Automatic,Saudi,Semi Full,2014,9.0,106000,False,36000
Hilux,Riyadh,Toyota,Manual,Saudi,Full,2014,2.7,221000,False,70000
Corolla,Jeddah,Toyota,Automatic,Saudi,Standard,2020,1.6,81000,False,55000
Hilux,Hail,Toyota,Automatic,Other,Full,2016,2.7,208,False,77000
Corolla,Tabouk,Toyota,Automatic,Other,Standard,2016,5.8,114,False,35000
Camry,Riyadh,Toyota,Automatic,Gulf Arabic,Full,2016,2.4,75000,False,68000
Prado,Riyadh,Toyota,Automatic,Gulf Arabic,Semi Full,2018,4.0,24000,False,140000
Hilux,Dammam,Toyota,Manual,Saudi,Semi Full,2017,2.7,384000,False,66000
Prius,Qassim,Toyota,Automatic,Saudi,Standard,2017,1.8,50000,False,54900
Land Cruiser,Dammam,Toyota,Automatic,Saudi,Semi Full,2003,4.5,335000,False,51000
Furniture,Riyadh,Toyota,Automatic,Saudi,Standard,2021,2.7,16444,False,104500
Furniture,Makkah,Toyota,Automatic,Saudi,Standard,2021,2.7,3000,False,100000
FJ,Riyadh,Toyota,Automatic,Saudi,Full,2008,4.0,390000,False,52000
Rav4,Jeddah,Toyota,Automatic,Saudi,Full,2017,2.5,174000,False,77000
Land Cruiser,Jazan,Toyota,Automatic,Saudi,Full,2020,4.6,21000,False,275000
Camry,Dammam,Toyota,Automatic,Saudi,Semi Full,2010,2.5,240000,False,30000
Camry,Dammam,Toyota,Automatic,Saudi,Standard,2017,2.5,314000,False,46000
Hilux,Riyadh,Toyota,Manual,Gulf Arabic,Standard,2012,2.7,171000,False,47500
Prado,Riyadh,Toyota,Automatic,Saudi,Semi Full,2016,4.0,201000,False,108000
Land Cruiser,Riyadh,Toyota,Automatic,Saudi,Semi Full,2016,5.7,68534,False,224500
Land Cruiser,Dammam,Toyota,Automatic,Saudi,Full,2015,4.0,180000,False,135000
Corolla,Makkah,Toyota,Automatic,Saudi,Semi Full,2020,1.1,26000,False,1086
Corolla,Al-Ahsa,Toyota,Manual,Gulf Arabic,Full,2006,1.8,320000,False,18000
Yaris,Aseer,Toyota,Automatic,Saudi,Standard,2017,1.5,250000,False,26000
Avalon,Aseer,Toyota,Automatic,Saudi,Full,2013,3.5,169000,False,75000
Camry,Jeddah,Toyota,Automatic,Saudi,Standard,2019,2.5,62000,False,1595
Yaris,Al-Medina,Toyota,Automatic,Saudi,Standard,2016,1.5,160,False,26500
Camry,Jeddah,Toyota,Automatic,Saudi,Standard,2020,2.5,25000,False,95000
Yaris,Al-Jouf,Toyota,Automatic,Saudi,Semi Full,2016,1.5,130000,False,30000
Camry,Riyadh,Toyota,Automatic,Saudi,Full,2017,2.5,61000,False,77000
Yaris,Jeddah,Toyota,Automatic,Saudi,Standard,2015,1.3,200000,False,25000
Land Cruiser,Dammam,Toyota,Automatic,Saudi,Full,2006,4.5,199000,False,77000
Corolla,Riyadh,Toyota,Manual,Saudi,Standard,2005,1.3,801500,False,14000
Yaris,Jeddah,Toyota,Automatic,Saudi,Standard,2018,1.5,131099,False,36500
Innova,Jeddah,Toyota,Automatic,Saudi,Full,2017,2.7,247000,False,55000
Camry,Riyadh,Toyota,Automatic,Saudi,Standard,2015,2.5,130020,False,56500
Hilux,Dammam,Toyota,Manual,Saudi,Standard,2016,2.7,213557,False,63000
Hiace,Qassim,Toyota,Manual,Gulf Arabic,Standard,2016,2.7,146000,False,55000
Land Cruiser,Riyadh,Toyota,Automatic,Saudi,Full,2013,5.7,222816,False,153500
Prado,Riyadh,Toyota,Automatic,Gulf Arabic,Semi Full,2018,4.0,39000,False,131500
Yaris,Jeddah,Toyota,Automatic,Saudi,Standard,2019,1.5,80000,False,35500
Hilux,Riyadh,Toyota,Manual,Saudi,Full,2020,2.4,24000,False,120000
Rav4,Riyadh,Toyota,Automatic,Saudi,Standard,2018,2.5,82000,False,71000
Land Cruiser,Jeddah,Toyota,Automatic,Gulf Arabic,Full,2017,5.7,120000,False,225000
Camry,Dammam,Toyota,Automatic,Saudi,Standard,2014,2.4,183000,False,34000
FJ,Taef,Toyota,Automatic,Saudi,Full,2012,4.0,348,False,65000
Land Cruiser,Dammam,Toyota,Automatic,Saudi,Full,2019,4.6,63000,False,252000
Land Cruiser Pickup,Jubail,Toyota,Manual,Saudi,Semi Full,2015,4.0,260000,False,60000
Innova,Riyadh,Toyota,Automatic,Gulf Arabic,Standard,2015,2.7,749000,False,46000
Furniture,Riyadh,Toyota,Automatic,Saudi,Full,2018,1.0,68000,False,125000
Camry,Riyadh,Toyota,Automatic,Saudi,Full,2018,3.5,111,False,66000
Yaris,Jeddah,Toyota,Automatic,Saudi,Standard,2018,1.5,93000,False,35000
Hiace,Riyadh,Toyota,Manual,Saudi,Standard,2017,2.7,143594,False,69000
Camry,Al-Ahsa,Toyota,Manual,Saudi,Standard,2009,2.5,374000,False,25000
Hilux,Riyadh,Toyota,Manual,Saudi,Full,2018,2.7,111000,False,63000
FJ,Jeddah,Toyota,Automatic,Saudi,Full,2014,4.0,190000,False,85000
Prado,Riyadh,Toyota,Automatic,Saudi,Semi Full,2017,4.0,138000,False,132000
Camry,Riyadh,Toyota,Automatic,Gulf Arabic,Full,2016,2.4,62000,False,75000
Furniture,Riyadh,Toyota,Automatic,Saudi,Semi Full,2012,2.0,202245,False,41000
Avalon,Riyadh,Toyota,Automatic,Saudi,Full,2011,3.5,359000,False,60000
Land Cruiser,Riyadh,Toyota,Automatic,Saudi,Full,2015,5.7,153281,False,171500
Land Cruiser,Dammam,Toyota,Automatic,Saudi,Full,2013,4.0,200000,False,125000
Land Cruiser,Makkah,Toyota,Manual,Saudi,Full,1999,4.7,238,False,40000
Land Cruiser,Dammam,Toyota,Automatic,Saudi,Full,2017,4.0,78000,False,182000
Camry,Jeddah,Toyota,Manual,Saudi,Standard,2010,2.0,550000,False,20000
Camry,Arar,Toyota,Automatic,Saudi,Standard,2015,1.5,180,False,28000
Corolla,Dammam,Toyota,Automatic,Saudi,Standard,2017,1.6,98696,False,45000
Land Cruiser,Al-Medina,Toyota,Automatic,Gulf Arabic,Full,2021,4.6,9000,False,350000
Hilux,Jeddah,Toyota,Manual,Gulf Arabic,Semi Full,2016,2.7,60000,False,75000
Corolla,Riyadh,Toyota,Automatic,Saudi,Semi Full,2020,1.6,11000,False,63000
Corolla,Riyadh,Toyota,Automatic,Saudi,Standard,2018,1.6,72000,False,42000
Land Cruiser,Dammam,Toyota,Automatic,Gulf Arabic,Full,2014,4.6,220000,False,135000
Hiace,Riyadh,Toyota,Manual,Saudi,Semi Full,2014,2.0,188000,False,44000
Hiace,Riyadh,Toyota,Manual,Saudi,Standard,2010,2.7,573000,False,37000
Hilux,Riyadh,Toyota,Manual,Saudi,Standard,2018,2.7,126000,False,82000
Furniture,Jeddah,Toyota,Automatic,Saudi,Semi Full,2017,4.0,37800,False,106000
Land Cruiser,Dammam,Toyota,Automatic,Gulf Arabic,Full,2013,4.6,308000,False,120000
Camry,Riyadh,Toyota,Automatic,Saudi,Full,2019,2.5,13136,False,99500
Hilux,Riyadh,Toyota,Manual,Gulf Arabic,Standard,2016,2.0,202332,False,57000
Avalon,Dammam,Toyota,Automatic,Saudi,Semi Full,2019,3.5,65000,False,123000
Cressida,Riyadh,Toyota,Manual,Saudi,Semi Full,1993,4.0,492000,False,11000
Hilux,Riyadh,Toyota,Manual,Gulf Arabic,Full,2020,2.7,15000,False,105500
FJ,Hail,Toyota,Automatic,Saudi,Semi Full,2016,4.6,272,False,85000
Prado,Dammam,Toyota,Automatic,Saudi,Semi Full,2017,4.0,89000,False,118000
Land Cruiser,Jeddah,Toyota,Automatic,Saudi,Full,2020,4.6,59000,False,248000
Ciocca,Dammam,Toyota,Automatic,Saudi,Semi Full,2015,5.7,85000,False,125000
Avalon,Al-Jouf,Toyota,Automatic,Other,Full,2008,3.6,201,False,30000
Furniture,Makkah,Toyota,Automatic,Saudi,Full,2017,4.0,176000,False,55000
Camry,Riyadh,Toyota,Manual,Saudi,Semi Full,2004,2.5,400000,False,15000
Corolla,Riyadh,Toyota,Automatic,Saudi,Standard,2018,1.6,50000,False,53000
Prado,Jeddah,Toyota,Automatic,Saudi,Standard,2016,4.0,74000,False,120000
Camry,Wadi Dawasir,Toyota,Automatic,Other,Standard,2016,2.5,161000,False,55000
Land Cruiser,Taef,Toyota,Automatic,Saudi,Semi Full,2014,4.6,346000,False,130000
Camry,Dammam,Toyota,Automatic,Saudi,Standard,2017,2.5,362000,False,38000
Corolla,Khobar,Toyota,Automatic,Other,Semi Full,2015,1.6,309000,False,32000
Prado,Besha,Toyota,Automatic,Saudi,Semi Full,2009,4.0,85000,False,73000
Furniture,Dammam,Toyota,Automatic,Saudi,Semi Full,2020,4.0,3000,False,135000
Corolla,Dammam,Toyota,Automatic,Saudi,Standard,2017,1.6,110000,False,45000
Land Cruiser,Riyadh,Toyota,Automatic,Gulf Arabic,Full,2019,4.0,50000,False,188500
Land Cruiser,Dammam,Toyota,Automatic,Saudi,Semi Full,2015,4.0,212000,False,145000
Hilux,Aseer,Toyota,Manual,Saudi,Full,2019,2.7,122,False,75000
Land Cruiser,Dammam,Toyota,Manual,Gulf Arabic,Full,2016,4.0,220000,False,130000
Furniture,Riyadh,Toyota,Automatic,Saudi,Standard,2019,2.7,113000,False,105000
Hilux,Jubail,Toyota,Automatic,Saudi,Full,2018,2.7,218000,False,78000
Corolla,Dammam,Toyota,Automatic,Saudi,Standard,2018,1.6,52000,False,51000
Prado,Riyadh,Toyota,Automatic,Gulf Arabic,Full,2016,3.8,168000,False,109500
Land Cruiser,Dammam,Toyota,Automatic,Saudi,Full,2021,4.6,8000,False,295000
Rav4,Jeddah,Toyota,Automatic,Saudi,Semi Full,2017,2.5,162000,False,60000
Camry,Al-Namas,Toyota,Automatic,Saudi,Full,2021,2.5,555,False,119000
Furniture,Riyadh,Toyota,Automatic,Saudi,Standard,2011,2.7,325,False,32000
Camry,Riyadh,Toyota,Automatic,Saudi,Standard,2018,2.5,85000,False,75000
Land Cruiser,Dammam,Toyota,Automatic,Gulf Arabic,Semi Full,2015,4.6,248000,False,135000
Land Cruiser,Tabouk,Toyota,Manual,Saudi,Semi Full,1993,4.6,400,False,12000
Land Cruiser,Jeddah,Toyota,Automatic,Gulf Arabic,Full,2019,4.5,95000,False,233000
Yaris,Dammam,Toyota,Automatic,Saudi,Standard,2017,1.5,133000,False,29000
FJ,Aseer,Toyota,Automatic,Saudi,Full,2017,7.5,138000,False,118000
Camry,Riyadh,Toyota,Automatic,Saudi,Full,2020,2.5,22000,False,77000
Land Cruiser,Jeddah,Toyota,Automatic,Gulf Arabic,Full,2019,4.0,106665,False,205000
Land Cruiser,Jeddah,Toyota,Automatic,Saudi,Full,2015,4.0,92000,False,165000
Corolla,Jeddah,Toyota,Automatic,Saudi,Standard,2020,1.6,109885,False,57000
Hilux,Jazan,Toyota,Manual,Saudi,Full,2015,2.7,234000,False,56000
Rav4,Riyadh,Toyota,Automatic,Saudi,Full,2016,2.0,216000,False,60000
Land Cruiser,Riyadh,Toyota,Automatic,Saudi,Full,2019,4.6,60000,False,240000
Furniture,Riyadh,Toyota,Automatic,Saudi,Standard,2013,2.7,350000,False,50000
Corolla,Riyadh,Toyota,Automatic,Saudi,Standard,2018,1.6,90084,False,50000
Camry,Najran,Toyota,Manual,Other,Standard,2002,2.4,450000,False,14000
Corolla,Riyadh,Toyota,Automatic,Saudi,Standard,2018,1.6,103966,False,43500
Camry,Qassim,Toyota,Automatic,Gulf Arabic,Standard,2016,2.5,73000,False,61000
Corolla,Khobar,Toyota,Automatic,Saudi,Standard,2018,2.0,245000,False,41000
Land Cruiser 70,Riyadh,Toyota,Manual,Saudi,Standard,1978,4.0,400000,False,18000
Ciocca,Najran,Toyota,Automatic,Saudi,Semi Full,2016,5.7,117000,False,140000
Land Cruiser,Riyadh,Toyota,Automatic,Gulf Arabic,Full,2018,5.7,42000,False,241000
Hilux,Jeddah,Toyota,Manual,Saudi,Standard,2016,2.7,155000,False,75000
Yaris,Dammam,Toyota,Automatic,Saudi,Standard,2019,1.5,70000,False,39000
Innova,Riyadh,Toyota,Automatic,Gulf Arabic,Full,2016,2.7,190000,False,65000
Land Cruiser 70,Dammam,Toyota,Manual,Saudi,Standard,1983,3.8,300000,False,14000
Land Cruiser,Dammam,Toyota,Automatic,Gulf Arabic,Semi Full,2001,4.6,390000,False,35000
Innova,Jeddah,Toyota,Automatic,Saudi,Full,2017,2.7,130000,False,67000
Camry,Dammam,Toyota,Manual,Saudi,Full,2010,2.4,390000,False,20000
Avalon,Riyadh,Toyota,Automatic,Saudi,Standard,2015,3.5,249539,False,77500
Prado,Dammam,Toyota,Automatic,Saudi,Semi Full,2016,4.0,97000,False,119000
Land Cruiser,Dammam,Toyota,Automatic,Gulf Arabic,Full,2021,4.6,10000,False,290000
Camry,Riyadh,Toyota,Automatic,Gulf Arabic,Standard,2020,2.5,4443,False,84500
Innova,Riyadh,Toyota,Automatic,Saudi,Full,2015,2.7,195000,False,52000
Camry,Riyadh,Toyota,Automatic,Saudi,Standard,2019,2.5,124004,False,65000
Land Cruiser,Jeddah,Toyota,Automatic,Saudi,Full,2018,5.7,126000,False,260000
Avalon,Khobar,Toyota,Automatic,Saudi,Standard,2019,3.5,47000,False,116000
Prado,Dammam,Toyota,Automatic,Saudi,Semi Full,2020,4.0,17000,False,173000
Rav4,Dammam,Toyota,Automatic,Saudi,Standard,2012,2.5,234000,False,30000
Hilux,Riyadh,Toyota,Automatic,Saudi,Full,2021,2.4,4000,False,158500
Furniture,Al-Ahsa,Toyota,Automatic,Unknown,Semi Full,2017,2.7,70000,False,75000
Corolla,Tabouk,Toyota,Automatic,Saudi,Full,2015,1.6,90000,False,45000
Avalon,Jeddah,Toyota,Automatic,Saudi,Full,2020,3.5,33000,False,164000
Camry,Riyadh,Toyota,Automatic,Unknown,Standard,2010,2.5,400000,False,22000
Avalon,Aseer,Toyota,Automatic,Saudi,Full,2012,3.5,225000,False,75000
Land Cruiser,Qassim,Toyota,Automatic,Saudi,Full,2012,8.0,228000,False,112000
Hiace,Dammam,Toyota,Manual,Saudi,Standard,2015,2.7,178000,False,60000
FJ,Dammam,Toyota,Automatic,Saudi,Semi Full,2015,4.0,110000,False,115000
Hilux,Riyadh,Toyota,Manual,Gulf Arabic,Semi Full,2020,2.7,15000,False,105000
Land Cruiser,Aseer,Toyota,Automatic,Saudi,Full,2011,4.6,434,False,85000
Land Cruiser,Al-Ahsa,Toyota,Automatic,Saudi,Full,2015,4.7,137000,False,150000
Camry,Dammam,Toyota,Automatic,Saudi,Standard,2017,2.5,380000,False,43000
Innova,Dammam,Toyota,Automatic,Saudi,Semi Full,2016,2.7,179600,False,51000
Hilux,Dammam,Toyota,Manual,Gulf Arabic,Standard,2016,2.7,97173,False,64000
Land Cruiser,Al-Medina,Toyota,Manual,Other,Semi Full,1993,4.6,196671,False,30000
Furniture,Riyadh,Toyota,Automatic,Saudi,Full,2019,3.5,40000,False,120000
Previa,Riyadh,Toyota,Automatic,Other,Standard,2009,1.7,400000,False,15000
Camry,Qassim,Toyota,Automatic,Saudi,Full,2017,2.5,253641,False,62000
Camry,Riyadh,Toyota,Automatic,Saudi,Full,2017,2.5,167000,False,80000
Innova,Jeddah,Toyota,Automatic,Saudi,Semi Full,2018,2.0,99000,False,64000
Camry,Riyadh,Toyota,Automatic,Saudi,Semi Full,2006,2.4,240000,False,20000
Land Cruiser,Dammam,Toyota,Automatic,Gulf Arabic,Full,2019,4.6,6000,False,267000
Land Cruiser 70,Aseer,Toyota,Manual,Saudi,Full,2019,4.0,26000,False,130000
Furniture,Jeddah,Toyota,Automatic,Saudi,Standard,2014,2.7,127000,False,57000
Camry,Jeddah,Toyota,Automatic,Saudi,Standard,2010,2.4,255,False,33500
Land Cruiser 70,Riyadh,Toyota,Manual,Gulf Arabic,Semi Full,2016,4.0,177000,False,90000
Camry,Al-Ahsa,Toyota,Automatic,Saudi,Full,2016,2.5,300000,False,50000
FJ,Riyadh,Toyota,Automatic,Saudi,Full,2015,1.0,190000,False,98000
Camry,Makkah,Toyota,Manual,Saudi,Full,2008,2.4,360000,False,19000
Hilux,Riyadh,Toyota,Manual,Saudi,Standard,2015,2.7,300000,False,75000
Hilux,Aseer,Toyota,Manual,Saudi,Semi Full,2009,2.7,426000,False,32000
Yaris,Jeddah,Toyota,Automatic,Saudi,Semi Full,2016,1.5,155000,False,32000
Camry,Dammam,Toyota,Manual,Saudi,Standard,2001,2.5,439000,False,12000
Camry,Riyadh,Toyota,Automatic,Saudi,Standard,2017,2.5,190144,False,54000
Hilux,Riyadh,Toyota,Manual,Gulf Arabic,Semi Full,2020,2.7,27000,False,104500
Land Cruiser,Dammam,Toyota,Automatic,Saudi,Full,2011,4.7,140000,False,110000
Yaris,Riyadh,Toyota,Automatic,Saudi,Standard,2018,1.5,62000,False,35000
Hilux,Al-Namas,Toyota,Manual,Saudi,Full,2013,2.7,186,False,70000
Coaster,Dammam,Toyota,Manual,Saudi,Standard,2014,3.0,195000,False,75000
Hilux,Jeddah,Toyota,Manual,Gulf Arabic,Semi Full,2017,2.7,18000,False,77000
Land Cruiser,Riyadh,Toyota,Manual,Saudi,Full,2003,4.6,395735,False,55000
Hilux,Riyadh,Toyota,Manual,Gulf Arabic,Full,2014,2.4,290000,False,40000
Avalon,Makkah,Toyota,Automatic,Saudi,Full,2011,3.5,150000,False,58000
Corolla,Aseer,Toyota,Automatic,Saudi,Standard,2017,1.6,110,False,46000
Prado,Al-Ahsa,Toyota,Automatic,Gulf Arabic,Full,2017,4.0,140000,False,125000
Camry,Riyadh,Toyota,Automatic,Saudi,Standard,2017,2.5,109862,False,59500
Camry,Jeddah,Toyota,Manual,Saudi,Full,2001,4.0,350000,False,25000
Camry,Riyadh,Toyota,Automatic,Saudi,Full,2018,3.5,80000,False,95000
Hiace,Dammam,Toyota,Manual,Saudi,Standard,2017,2.7,223000,False,77000
Camry,Riyadh,Toyota,Automatic,Saudi,Standard,2017,2.4,133000,False,48000
Yaris,Najran,Toyota,Automatic,Saudi,Standard,2019,1.6,85000,False,950
Yaris,Riyadh,Toyota,Automatic,Saudi,Full,2014,1.5,375000,False,24000
Camry,Hafar Al-Batin,Toyota,Automatic,Saudi,Full,2013,2.5,410000,False,40000
Cressida,Aseer,Toyota,Manual,Other,Standard,1993,2.2,49500,False,9500
Innova,Dammam,Toyota,Automatic,Saudi,Standard,2020,2.7,50000,False,83000
Hilux,Dammam,Toyota,Manual,Saudi,Full,2016,2.7,28000,False,95000
Yaris,Riyadh,Toyota,Automatic,Saudi,Standard,2019,1.5,33504,False,38000
Yaris,Jeddah,Toyota,Automatic,Saudi,Standard,2018,1.5,114000,False,32000
Ciocca,Qassim,Toyota,Automatic,Saudi,Semi Full,2014,1.6,28000,False,75000
FJ,Dammam,Toyota,Automatic,Saudi,Semi Full,2017,4.0,127000,False,117000
Camry,Riyadh,Toyota,Automatic,Saudi,Full,2017,2.5,166,False,55000
Land Cruiser Pickup,Riyadh,Toyota,Manual,Saudi,Full,2018,4.0,81499,False,123000
Land Cruiser,Dammam,Toyota,Automatic,Saudi,Full,2021,4.6,20000,False,296000
Hiace,Jubail,Toyota,Manual,Saudi,Standard,2012,2.7,126000,False,35000
FJ,Hail,Toyota,Automatic,Saudi,Full,2014,9.0,308000,False,75000
Land Cruiser,Sakaka,Toyota,Automatic,Saudi,Full,2014,4.6,310000,False,100000
Land Cruiser,Riyadh,Toyota,Automatic,Saudi,Full,2012,4.6,250000,False,85000
Corolla,Riyadh,Toyota,Automatic,Saudi,Full,2020,1.6,58000,False,65000
Camry,Dammam,Toyota,Automatic,Saudi,Semi Full,2017,2.5,63000,False,63000
Previa,Riyadh,Toyota,Automatic,Gulf Arabic,Full,2017,2.4,183000,False,70000
Rav4,Dammam,Toyota,Automatic,Saudi,Standard,2018,2.5,134000,False,66000
Corolla,Dammam,Toyota,Automatic,Saudi,Standard,2015,1.6,176277,False,37000
Hilux,Riyadh,Toyota,Manual,Saudi,Semi Full,2016,2.7,258000,False,62000
Avalon,Riyadh,Toyota,Automatic,Saudi,Semi Full,2020,3.5,30000,False,127000
Hilux,Khobar,Toyota,Manual,Gulf Arabic,Full,2016,2.7,106000,False,73000
Corolla,Riyadh,Toyota,Automatic,Saudi,Semi Full,2018,1.6,43000,False,54500
Land Cruiser,Riyadh,Toyota,Automatic,Gulf Arabic,Semi Full,2014,4.6,106000,False,129000
Land Cruiser,Riyadh,Toyota,Automatic,Saudi,Semi Full,2016,5.7,120000,False,205000
Land Cruiser,Tabouk,Toyota,Automatic,Other,Full,2003,4.6,225,False,35000
Furniture,Dammam,Toyota,Automatic,Saudi,Semi Full,2018,2.7,224000,False,85000
Hilux,Qurayyat,Toyota,Manual,Gulf Arabic,Full,2016,1.6,120,False,60000
Land Cruiser,Dammam,Toyota,Automatic,Gulf Arabic,Full,2019,5.7,101000,False,220000
Land Cruiser,Riyadh,Toyota,Automatic,Saudi,Semi Full,2020,4.5,10000,False,259000
Camry,Dammam,Toyota,Automatic,Gulf Arabic,Semi Full,2017,2.5,120500,False,50000
Prado,Khobar,Toyota,Automatic,Saudi,Standard,2011,4.0,263000,False,55000
Land Cruiser,Jazan,Toyota,Manual,Saudi,Standard,2004,4.6,425000,False,35000
Rush,Makkah,Toyota,Automatic,Saudi,Semi Full,2021,1.5,10000,False,55000
Land Cruiser Pickup,Al-Medina,Toyota,Manual,Saudi,Standard,2014,6.0,192000,False,73000
Land Cruiser Pickup,Riyadh,Toyota,Manual,Saudi,Semi Full,2014,3.0,175000,False,72000
Hilux,Jeddah,Toyota,Automatic,Saudi,Semi Full,2016,2.7,95000,False,85000
Land Cruiser Pickup,Jeddah,Toyota,Manual,Saudi,Full,2019,4.0,67000,False,95000
Hilux,Riyadh,Toyota,Manual,Saudi,Full,2017,2.7,100000,False,90000
Prado,Riyadh,Toyota,Automatic,Saudi,Semi Full,2016,4.0,201000,False,107000
Hiace,Jeddah,Toyota,Manual,Saudi,Standard,2000,2.7,2000,False,12000
Land Cruiser,Dammam,Toyota,Automatic,Gulf Arabic,Full,2020,4.6,19800,False,265000
Prado,Riyadh,Toyota,Manual,Gulf Arabic,Semi Full,2003,4.0,450000,False,30000
Hiace,Dammam,Toyota,Manual,Saudi,Standard,2016,2.4,245743,False,65000
Furniture,Taef,Toyota,Automatic,Saudi,Full,2016,4.0,235000,False,85000
Hilux,Riyadh,Toyota,Automatic,Saudi,Full,2012,2.7,127000,False,65000
Camry,Riyadh,Toyota,Manual,Other,Full,2007,1.1,450000,False,11000
Hilux,Riyadh,Toyota,Manual,Saudi,Full,2021,2.7,37000,False,1723
Camry,Riyadh,Toyota,Automatic,Saudi,Standard,2016,2.5,17000,False,35000
Land Cruiser,Dammam,Toyota,Manual,Gulf Arabic,Semi Full,2007,4.5,480000,False,62000
Rav4,Riyadh,Toyota,Automatic,Saudi,Standard,2018,2.5,56000,False,71000
Camry,Dammam,Toyota,Automatic,Gulf Arabic,Standard,2015,2.4,161000,False,55000
Innova,Dammam,Toyota,Automatic,Saudi,Standard,2017,2.7,85218,False,64000
Prado,Al-Ahsa,Toyota,Automatic,Gulf Arabic,Semi Full,2018,4.0,78000,False,135000
Camry,Tabouk,Toyota,Manual,Gulf Arabic,Full,2010,1.8,370,False,25000
Innova,Riyadh,Toyota,Automatic,Saudi,Standard,2017,2.7,106377,False,69500
Prado,Jubail,Toyota,Automatic,Saudi,Full,2015,1.6,55000,False,130000
Prado,Jeddah,Toyota,Automatic,Saudi,Full,2014,2.7,157,False,80000
Yaris,Dammam,Toyota,Automatic,Saudi,Standard,2015,1.5,193265,False,26500
Land Cruiser,Riyadh,Toyota,Automatic,Saudi,Full,2021,4.6,6711,False,290000
Hilux,Riyadh,Toyota,Manual,Gulf Arabic,Full,2014,2.4,230000,False,61000
Yaris,Dammam,Toyota,Automatic,Saudi,Standard,2019,1.5,30000,False,46000
Prado,Riyadh,Toyota,Automatic,Saudi,Full,2014,4.0,314000,False,95000
Prado,Jazan,Toyota,Manual,Saudi,Semi Full,2006,4.0,600000,False,33000
Camry,Dammam,Toyota,Automatic,Saudi,Full,2017,2.5,75000,False,73000
Camry,Riyadh,Toyota,Automatic,Saudi,Standard,2017,2.4,209000,False,57000
Corolla,Dammam,Toyota,Automatic,Saudi,Standard,2018,1.6,47286,False,49000
Land Cruiser,Dammam,Toyota,Automatic,Gulf Arabic,Full,2017,4.6,200000,False,180000
Land Cruiser,Dammam,Toyota,Manual,Gulf Arabic,Full,2019,4.6,74000,False,180000
Prado,Riyadh,Toyota,Automatic,Saudi,Semi Full,2016,4.0,67000,False,90000
Hilux,Dammam,Toyota,Manual,Saudi,Standard,2016,2.4,250000,False,58000
Corolla,Hail,Toyota,Automatic,Saudi,Standard,2020,1.6,48563,False,1002
Hilux,Dammam,Toyota,Manual,Saudi,Full,2017,2.7,62000,False,87000
Ciocca,Al-Medina,Toyota,Automatic,Saudi,Semi Full,2016,5.7,390,False,90000
Corolla,Jeddah,Toyota,Automatic,Other,Semi Full,2017,1.6,75000,False,55000
Land Cruiser,Dammam,Toyota,Automatic,Saudi,Full,2019,4.6,38000,False,255000
Innova,Jazan,Toyota,Automatic,Saudi,Full,2017,2.4,167000,False,70000
Camry,Riyadh,Toyota,Automatic,Saudi,Full,2018,3.5,24000,False,106000
4Runner,Jeddah,Toyota,Automatic,Saudi,Full,2018,6.1,115150,False,95000
Camry,Qassim,Toyota,Automatic,Saudi,Full,2012,2.5,265000,False,32000
Land Cruiser 70,Riyadh,Toyota,Manual,Gulf Arabic,Semi Full,2019,4.0,131592,False,116000
Camry,Jeddah,Toyota,Automatic,Saudi,Full,2016,2.5,155,False,58000
Camry,Al-Ahsa,Toyota,Manual,Saudi,Full,1995,2.5,300,False,12000
FJ,Riyadh,Toyota,Automatic,Saudi,Standard,2020,4.0,46000,False,135000
Corolla,Tabouk,Toyota,Automatic,Gulf Arabic,Semi Full,2015,2.5,96000,False,40000
Corolla,Dammam,Toyota,Automatic,Saudi,Standard,2018,1.5,98257,False,49000
Prado,Riyadh,Toyota,Automatic,Gulf Arabic,Full,2019,4.0,82000,False,149500
Prado,Riyadh,Toyota,Automatic,Gulf Arabic,Full,2019,4.0,19054,False,162500
FJ,Abha,Toyota,Automatic,Saudi,Full,2012,4.0,310,False,70000
Corolla,Dammam,Toyota,Automatic,Saudi,Standard,2018,1.6,142000,False,48000
Furniture,Riyadh,Toyota,Automatic,Saudi,Semi Full,2019,3.0,40000,False,93000
Hilux,Riyadh,Toyota,Manual,Gulf Arabic,Full,2016,2.7,388000,False,55000
Hiace,Dammam,Toyota,Manual,Saudi,Standard,2016,2.7,264000,False,65000
Camry,Riyadh,Toyota,Automatic,Saudi,Full,2017,2.5,215735,False,64500
Hilux,Wadi Dawasir,Toyota,Manual,Saudi,Full,2007,2.7,445250,False,50000
Hilux,Hail,Toyota,Manual,Saudi,Full,2015,2.7,374000,False,72000
Hilux,Riyadh,Toyota,Manual,Gulf Arabic,Semi Full,2015,2.7,310,False,40000
Land Cruiser,Al-Medina,Toyota,Manual,Saudi,Semi Full,1997,4.6,540000,False,38000
Hilux,Qassim,Toyota,Manual,Saudi,Standard,2012,2.7,394000,False,40000
Hilux,Jubail,Toyota,Manual,Saudi,Semi Full,2017,2.7,146000,False,72000
Land Cruiser,Jazan,Toyota,Manual,Other,Full,2007,4.6,160000,False,125000
Hilux,Dammam,Toyota,Manual,Saudi,Standard,2016,2.7,165000,False,63000
Hilux,Dammam,Toyota,Manual,Saudi,Semi Full,2017,2.7,121000,False,75000
Camry,Qassim,Toyota,Automatic,Other,Full,2017,2.5,88348,False,70000
FJ,Jubail,Toyota,Automatic,Saudi,Semi Full,2014,4.0,237000,False,85000
Yaris,Jeddah,Toyota,Manual,Saudi,Standard,2010,1.3,350000,False,13000
Corolla,Riyadh,Toyota,Automatic,Saudi,Standard,2020,1.6,30500,False,62000
Rav4,Dammam,Toyota,Automatic,Gulf Arabic,Full,2020,2.5,15000,False,111000
Camry,Qassim,Toyota,Automatic,Saudi,Standard,2017,2.5,84000,False,45000
Camry,Jeddah,Toyota,Automatic,Saudi,Standard,2017,2.5,240000,False,41000
Camry,Dammam,Toyota,Automatic,Saudi,Standard,2017,2.5,327000,False,46000
Furniture,Riyadh,Toyota,Automatic,Saudi,Standard,2013,2.7,180000,False,45000
Avalon,Dammam,Toyota,Automatic,Saudi,Standard,2015,3.5,120000,False,66500
Furniture,Jeddah,Toyota,Automatic,Saudi,Semi Full,2019,2.7,20000,False,102000
Land Cruiser,Al-Baha,Toyota,Manual,Saudi,Semi Full,2012,6.6,109,False,120000
Hilux,Riyadh,Toyota,Manual,Saudi,Standard,2016,2.7,155000,False,61000
Land Cruiser,Riyadh,Toyota,Automatic,Saudi,Standard,2020,4.0,30000,False,2560
Furniture,Riyadh,Toyota,Automatic,Saudi,Semi Full,2020,2.7,76192,False,93500
Camry,Makkah,Toyota,Automatic,Saudi,Standard,2014,2.5,166400,False,35500
Land Cruiser,Al-Jouf,Toyota,Automatic,Gulf Arabic,Full,2021,4.6,3000,False,260000
Prado,Al-Medina,Toyota,Automatic,Saudi,Full,2016,4.0,174000,False,120000
Yaris,Jeddah,Toyota,Automatic,Saudi,Standard,2018,1.5,195000,False,31000
Camry,Dammam,Toyota,Automatic,Gulf Arabic,Full,2014,2.0,120000,False,45000
Cressida,Jeddah,Toyota,Manual,Gulf Arabic,Standard,1993,1.2,25000,False,15000
Camry,Riyadh,Toyota,Automatic,Saudi,Standard,2019,2.5,88000,False,70000
Yaris,Dammam,Toyota,Automatic,Saudi,Standard,2016,1.5,180000,False,28500
Camry,Riyadh,Toyota,Automatic,Saudi,Full,2004,3.5,322000,False,23000
Camry,Dammam,Toyota,Automatic,Saudi,Standard,2015,2.5,179622,False,48000
Furniture,Riyadh,Toyota,Automatic,Gulf Arabic,Semi Full,2016,2.7,211000,False,69000
FJ,Riyadh,Toyota,Automatic,Other,Full,2014,4.0,149000,False,75000
FJ,Riyadh,Toyota,Automatic,Saudi,Full,2013,1.0,296000,False,79000
Hilux,Sakaka,Toyota,Manual,Saudi,Full,2012,2.5,335200,False,50000
Prado,Riyadh,Toyota,Automatic,Gulf Arabic,Full,2019,4.0,82000,False,149000
Land Cruiser,Riyadh,Toyota,Automatic,Saudi,Standard,2020,4.0,560,False,191500
Camry,Abha,Toyota,Automatic,Saudi,Standard,2009,1.6,300000,False,24000
Cressida,Al-Medina,Toyota,Manual,Saudi,Standard,1994,4.0,277000,False,11000
Corolla,Dammam,Toyota,Automatic,Saudi,Standard,2018,1.6,40000,False,42000
Land Cruiser,Dammam,Toyota,Manual,Saudi,Standard,2013,4.6,350000,False,86000
Hilux,Dammam,Toyota,Manual,Saudi,Full,2016,2.7,28000,False,94000
Yaris,Riyadh,Toyota,Automatic,Saudi,Standard,2018,1.5,100000,False,850
Yaris,Dammam,Toyota,Automatic,Saudi,Standard,2016,1.5,166000,False,28500
Hilux,Riyadh,Toyota,Manual,Gulf Arabic,Semi Full,2020,2.7,49000,False,103000
Camry,Makkah,Toyota,Automatic,Saudi,Full,2020,2.5,1700,False,115000
Land Cruiser,Jeddah,Toyota,Automatic,Saudi,Full,2016,5.7,1918,False,251500
Avalon,Al-Medina,Toyota,Automatic,Saudi,Full,2014,3.8,156000,False,73000
Hilux,Dammam,Toyota,Manual,Saudi,Standard,2015,2.7,239900,False,46000
Hilux,Dammam,Toyota,Manual,Gulf Arabic,Standard,2016,2.7,182774,False,62000
Land Cruiser,Riyadh,Toyota,Manual,Saudi,Full,2015,4.0,136000,False,140000
Prado,Jeddah,Toyota,Automatic,Gulf Arabic,Standard,2018,4.0,90000,False,138000
Rav4,Riyadh,Toyota,Automatic,Saudi,Standard,2018,2.5,133578,False,77500
Land Cruiser,Jeddah,Toyota,Manual,Saudi,Full,2004,4.0,600000,False,34800
Hilux,Riyadh,Toyota,Manual,Saudi,Standard,2018,2.7,16700,False,72000
Prado,Khobar,Toyota,Automatic,Saudi,Semi Full,2018,4.0,74000,False,150000
FJ,Riyadh,Toyota,Automatic,Saudi,Semi Full,2016,4.0,381000,False,88000
Innova,Dammam,Toyota,Automatic,Saudi,Standard,2015,2.7,230000,False,45000
Hilux,Dammam,Toyota,Manual,Saudi,Semi Full,2017,2.7,150000,False,70000
Hiace,Dammam,Toyota,Manual,Saudi,Standard,2016,2.4,205812,False,65000
Yaris,Dammam,Toyota,Automatic,Saudi,Standard,2019,1.5,112000,False,39500
Hilux,Dammam,Toyota,Manual,Saudi,Standard,2018,2.7,88000,False,79500
Camry,Dammam,Toyota,Automatic,Saudi,Standard,2017,2.5,135000,False,60000
Land Cruiser,Qassim,Toyota,Automatic,Saudi,Full,2019,4.6,110000,False,250000
Furniture,Jeddah,Toyota,Automatic,Saudi,Full,2017,4.0,102000,False,116500
Corolla,Riyadh,Toyota,Automatic,Saudi,Standard,2016,1.6,270000,False,33000
Innova,Dammam,Toyota,Automatic,Saudi,Semi Full,2014,2.7,141000,False,55000
Furniture,Riyadh,Toyota,Automatic,Saudi,Full,2019,4.0,113000,False,105000
Camry,Riyadh,Toyota,Automatic,Saudi,Standard,2014,2.5,220,False,46000
Previa,Riyadh,Toyota,Automatic,Gulf Arabic,Semi Full,2017,3.0,101000,False,65000
Land Cruiser,Tabouk,Toyota,Manual,Saudi,Full,1997,4.5,708000,False,25000
Hilux,Riyadh,Toyota,Manual,Saudi,Semi Full,2018,2.7,75335,False,78000
Camry,Riyadh,Toyota,Automatic,Saudi,Full,2017,1.4,13400,False,65000
Furniture,Riyadh,Toyota,Automatic,Gulf Arabic,Standard,2015,2.7,243000,False,50000
Corolla,Riyadh,Toyota,Automatic,Saudi,Standard,2018,1.6,28000,False,54000
Camry,Riyadh,Toyota,Automatic,Saudi,Standard,2012,2.4,217000,False,39500
Camry,Riyadh,Toyota,Automatic,Saudi,Semi Full,2016,2.4,268000,False,58000
Land Cruiser,Riyadh,Toyota,Automatic,Saudi,Full,2012,1.0,448000,False,109000
Furniture,Riyadh,Toyota,Automatic,Saudi,Full,2020,4.0,18000,False,128000
Corolla,Riyadh,Toyota,Automatic,Other,Full,2015,2.0,80000,False,39000
Land Cruiser,Riyadh,Toyota,Automatic,Saudi,Full,2011,4.0,273392,False,100000
Prado,Riyadh,Toyota,Automatic,Gulf Arabic,Semi Full,2018,4.0,86000,False,127000
Land Cruiser,Riyadh,Toyota,Manual,Saudi,Standard,2003,4.6,300,False,40000
Land Cruiser,Riyadh,Toyota,Automatic,Saudi,Semi Full,2017,4.6,125188,False,171500
Land Cruiser,Riyadh,Toyota,Automatic,Saudi,Full,2013,5.7,257000,False,150000
Yaris,Riyadh,Toyota,Automatic,Saudi,Full,2015,1.5,204000,False,27500
Cressida,Aseer,Toyota,Manual,Saudi,Semi Full,1996,2.4,8000,False,13000
Avalon,Riyadh,Toyota,Automatic,Saudi,Standard,2015,3.5,249000,False,76000
Hilux,Riyadh,Toyota,Manual,Saudi,Standard,2005,2.8,533000,False,25000
Corolla,Dammam,Toyota,Manual,Saudi,Standard,2015,1.6,128333,False,33000
Furniture,Dammam,Toyota,Automatic,Saudi,Semi Full,2020,2.7,25000,False,110000
Camry,Makkah,Toyota,Automatic,Saudi,Standard,2015,2.5,310000,False,30000
Avalon,Dammam,Toyota,Automatic,Other,Semi Full,2015,3.5,80000,False,86000
Land Cruiser,Riyadh,Toyota,Automatic,Saudi,Semi Full,2021,4.5,20000,False,265000
Furniture,Tabouk,Toyota,Automatic,Saudi,Standard,2021,2.7,980,False,120000
Land Cruiser,Taef,Toyota,Automatic,Saudi,Semi Full,2007,1.0,400000,False,30000
Camry,Riyadh,Toyota,Automatic,Saudi,Full,2016,1.0,75000,False,62000
Corolla,Dammam,Toyota,Automatic,Saudi,Standard,2018,1.6,89000,False,45000
Prado,Riyadh,Toyota,Manual,Saudi,Semi Full,2013,4.0,186000,False,55000
Camry,Jazan,Toyota,Automatic,Saudi,Standard,2013,2.5,376580,False,28000
Land Cruiser,Dammam,Toyota,Automatic,Saudi,Full,2011,4.6,211000,False,115000
Furniture,Riyadh,Toyota,Automatic,Saudi,Standard,2013,4.0,248500,False,58000
Avanza,Jeddah,Toyota,Automatic,Saudi,Semi Full,2018,1.5,57000,False,46000
Avalon,Riyadh,Toyota,Automatic,Gulf Arabic,Full,2017,3.5,53000,False,118000
Hilux,Riyadh,Toyota,Manual,Gulf Arabic,Standard,1991,2.4,9999,False,16000
Ciocca,Al-Ahsa,Toyota,Automatic,Saudi,Semi Full,2013,5.7,235000,False,85000
Land Cruiser,Riyadh,Toyota,Automatic,Gulf Arabic,Full,2014,4.6,325000,False,126000
Land Cruiser,Riyadh,Toyota,Automatic,Gulf Arabic,Full,2019,4.0,62000,False,195000
Land Cruiser,Riyadh,Toyota,Automatic,Saudi,Full,2013,4.6,275000,False,125000
Land Cruiser,Al-Ahsa,Toyota,Automatic,Saudi,Full,2019,4.6,134000,False,170000
Land Cruiser,Riyadh,Toyota,Automatic,Saudi,Semi Full,2015,5.7,170000,False,150000
Land Cruiser,Jeddah,Toyota,Automatic,Saudi,Full,2012,5.7,311000,False,115000
Land Cruiser,Riyadh,Toyota,Automatic,Saudi,Standard,2015,4.7,345417,False,135000
Furniture,Aseer,Toyota,Manual,Saudi,Full,2010,2.7,450000,False,38000
Avalon,Riyadh,Toyota,Automatic,Gulf Arabic,Full,2015,3.5,100000,False,87000
Hilux,Aseer,Toyota,Manual,Saudi,Semi Full,2018,2.7,20000,False,115000
Prado,Jeddah,Toyota,Automatic,Saudi,Full,2020,4.0,8000,False,174000
Land Cruiser Pickup,Qassim,Toyota,Manual,Gulf Arabic,Semi Full,2015,4.0,232,False,65000
Yaris,Jeddah,Toyota,Automatic,Saudi,Standard,2018,1.5,68000,False,35000
Furniture,Riyadh,Toyota,Automatic,Saudi,Full,2010,4.0,317000,False,43000
Corolla,Riyadh,Toyota,Automatic,Saudi,Standard,2017,1.6,28000,False,44000
Corolla,Dammam,Toyota,Manual,Saudi,Standard,2016,1.6,83000,False,38500
Prado,Riyadh,Toyota,Automatic,Saudi,Semi Full,2017,2.7,175000,False,108000
Land Cruiser,Riyadh,Toyota,Automatic,Gulf Arabic,Full,2015,5.7,143203,False,156500
Land Cruiser Pickup,Riyadh,Toyota,Manual,Saudi,Full,2021,4.0,7456,False,146500
Furniture,Riyadh,Toyota,Automatic,Saudi,Semi Full,2015,4.0,205000,False,61000
Hiace,Riyadh,Toyota,Manual,Gulf Arabic,Semi Full,2015,2.7,200000,False,47000
Hilux,Abha,Toyota,Manual,Saudi,Semi Full,1999,2.7,375,False,19000
Corolla,Jeddah,Toyota,Automatic,Saudi,Semi Full,2011,1.4,283971,False,25000
Land Cruiser,Jeddah,Toyota,Automatic,Saudi,Full,2018,5.7,142000,False,245000
Furniture,Riyadh,Toyota,Automatic,Saudi,Standard,2020,4.0,21373,False,132000
Furniture,Jeddah,Toyota,Automatic,Saudi,Full,2013,2.7,182000,False,68500
Corolla,Jeddah,Toyota,Automatic,Saudi,Standard,2018,1.6,19190,False,55000
Yaris,Riyadh,Toyota,Automatic,Saudi,Full,2015,1.5,203429,False,29000
Land Cruiser,Al-Medina,Toyota,Automatic,Saudi,Semi Full,2006,4.8,247000,False,55000
Hilux,Dammam,Toyota,Manual,Gulf Arabic,Standard,2016,2.7,172632,False,63000
Furniture,Jeddah,Toyota,Automatic,Saudi,Standard,2015,1.7,147000,False,65000
Land Cruiser Pickup,Riyadh,Toyota,Manual,Saudi,Semi Full,2016,4.0,243000,False,95000
Corolla,Dammam,Toyota,Automatic,Saudi,Standard,2017,1.6,86782,False,46000
FJ,Riyadh,Toyota,Automatic,Gulf Arabic,Full,2016,4.9,115,False,110000
Camry,Riyadh,Toyota,Automatic,Saudi,Standard,2017,2.4,120000,False,62000
Yaris,Jeddah,Toyota,Automatic,Saudi,Standard,2018,1.5,134946,False,37500
Prado,Jeddah,Toyota,Automatic,Saudi,Full,2014,4.0,121000,False,109000
Corolla,Khobar,Toyota,Automatic,Saudi,Standard,2015,1.6,312000,False,32000
Hilux,Al-Medina,Toyota,Manual,Saudi,Full,2018,2.7,71000,False,62000
Corolla,Riyadh,Toyota,Automatic,Saudi,Standard,2019,1.6,52443,False,56500
Hilux,Najran,Toyota,Manual,Saudi,Full,2017,2.7,119000,False,69000
Land Cruiser,Dammam,Toyota,Automatic,Gulf Arabic,Full,2014,4.5,213000,False,138000
Furniture,Riyadh,Toyota,Manual,Saudi,Full,2015,4.0,70000,False,79000
Ciocca,Riyadh,Toyota,Automatic,Saudi,Full,2009,5.7,343000,False,60000
Camry,Najran,Toyota,Manual,Saudi,Full,2005,1.6,360000,False,22000
Land Cruiser,Riyadh,Toyota,Automatic,Saudi,Full,2021,4.6,3549,False,286500
Corolla,Riyadh,Toyota,Automatic,Saudi,Standard,2016,1.6,76294,False,45500
Land Cruiser,Riyadh,Toyota,Automatic,Gulf Arabic,Full,2016,5.7,216000,False,151000
Hiace,Riyadh,Toyota,Manual,Saudi,Standard,2016,2.7,184000,False,70000
Hilux,Riyadh,Toyota,Manual,Saudi,Full,2018,2.7,175000,False,63000
Land Cruiser 70,Riyadh,Toyota,Manual,Saudi,Standard,2012,4.0,94000,False,95000
Camry,Qassim,Toyota,Automatic,Saudi,Standard,2019,2.5,48000,False,85000
Yaris,Qassim,Toyota,Automatic,Saudi,Semi Full,2017,1.5,179,False,35000
Land Cruiser,Riyadh,Toyota,Automatic,Saudi,Standard,2020,4.0,560,False,190000
Land Cruiser Pickup,Riyadh,Toyota,Manual,Saudi,Full,2019,4.0,58428,False,138500
Corolla,Qassim,Toyota,Automatic,Saudi,Standard,2018,1.6,63000,False,53000
Corolla,Jeddah,Toyota,Automatic,Saudi,Standard,2018,1.6,121000,False,48000
Furniture,Dammam,Toyota,Automatic,Saudi,Semi Full,2020,2.7,28000,False,110000
Land Cruiser,Qassim,Toyota,Automatic,Saudi,Full,2016,4.0,179812,False,155000
Land Cruiser,Riyadh,Toyota,Automatic,Gulf Arabic,Full,2010,4.6,310000,False,81000
Furniture,Riyadh,Toyota,Automatic,Saudi,Semi Full,2019,4.0,73909,False,116500
Corolla,Dammam,Toyota,Automatic,Saudi,Standard,2018,1.6,87000,False,50000
Camry,Dammam,Toyota,Automatic,Saudi,Standard,2015,2.5,120000,False,48000
Yaris,Riyadh,Toyota,Automatic,Saudi,Semi Full,2019,1.6,18000,False,36000
Land Cruiser,Riyadh,Toyota,Automatic,Gulf Arabic,Semi Full,2013,4.6,240000,False,105000
Land Cruiser,Najran,Toyota,Automatic,Saudi,Full,2013,4.6,280,False,100000
Rav4,Riyadh,Toyota,Automatic,Saudi,Standard,2018,2.5,173000,False,69500
Camry,Dammam,Toyota,Automatic,Saudi,Standard,2017,2.5,55000,False,56000
Corolla,Riyadh,Toyota,Manual,Saudi,Standard,2014,2.0,276,False,23900
Corolla,Riyadh,Toyota,Automatic,Saudi,Standard,2018,1.6,88288,False,51500
Camry,Riyadh,Toyota,Automatic,Gulf Arabic,Full,2015,2.5,237171,False,50000
FJ,Riyadh,Toyota,Automatic,Saudi,Standard,2021,4.0,4893,False,136500
Corolla,Jeddah,Toyota,Automatic,Saudi,Standard,2018,1.6,68000,False,44000
Prado,Dammam,Toyota,Automatic,Gulf Arabic,Semi Full,2015,4.0,160000,False,98000
Land Cruiser Pickup,Jeddah,Toyota,Manual,Saudi,Full,2016,4.0,26000,False,115000
Camry,Riyadh,Toyota,Automatic,Saudi,Standard,2019,2.5,105285,False,81500
Camry,Riyadh,Toyota,Automatic,Saudi,Semi Full,2016,2.4,77000,False,63000
Land Cruiser Pickup,Dammam,Toyota,Manual,Saudi,Standard,2006,4.0,406000,False,55000
Yaris,Dammam,Toyota,Automatic,Saudi,Standard,2016,1.5,126000,False,28000
Prado,Jeddah,Toyota,Manual,Other,Full,2009,4.0,300000,False,50000
Land Cruiser,Al-Jouf,Toyota,Automatic,Saudi,Full,2012,4.6,180,False,110000
Corolla,Riyadh,Toyota,Automatic,Saudi,Standard,2018,1.6,55398,False,49000
Land Cruiser,Riyadh,Toyota,Automatic,Saudi,Standard,2017,4.0,127453,False,166500
Furniture,Makkah,Toyota,Manual,Gulf Arabic,Semi Full,2010,2.7,200000,False,36000
Corolla,Al-Ahsa,Toyota,Automatic,Gulf Arabic,Full,2014,1.6,197,False,29000
Yaris,Najran,Toyota,Automatic,Saudi,Full,2018,1.5,169000,False,1046
Land Cruiser Pickup,Riyadh,Toyota,Manual,Saudi,Standard,2009,4.5,468000,False,65000
Camry,Abha,Toyota,Automatic,Saudi,Semi Full,2016,2.7,194710,False,55000
Hilux,Al-Baha,Toyota,Manual,Saudi,Full,2016,2.7,190000,False,65000
Land Cruiser,Tabouk,Toyota,Manual,Unknown,Full,1995,4.6,300000,False,20000
Hiace,Jeddah,Toyota,Manual,Saudi,Standard,2013,2.7,300000,False,42000
Innova,Dammam,Toyota,Automatic,Gulf Arabic,Full,2015,2.7,14000,False,43000
FJ,Hafar Al-Batin,Toyota,Automatic,Saudi,Full,2013,4.0,364000,False,65000
Furniture,Taef,Toyota,Automatic,Saudi,Full,2015,2.7,157000,False,64000
Camry,Jubail,Toyota,Manual,Saudi,Full,2001,1.4,399000,False,10000
Hilux,Dammam,Toyota,Manual,Gulf Arabic,Semi Full,2015,2.7,246000,False,57000
Hiace,Riyadh,Toyota,Manual,Gulf Arabic,Semi Full,2015,2.7,23000,False,49000
Corolla,Jeddah,Toyota,Automatic,Saudi,Standard,2016,1.6,139000,False,38000
Avalon,Qassim,Toyota,Automatic,Other,Semi Full,2016,3.5,110000,False,73000
Land Cruiser,Al-Medina,Toyota,Automatic,Saudi,Full,2000,4.8,396000,False,30000
Rav4,Riyadh,Toyota,Manual,Saudi,Semi Full,2011,1.4,135000,False,25000
Corolla,Dammam,Toyota,Manual,Saudi,Semi Full,2001,1.3,600000,False,10000
FJ,Dammam,Toyota,Automatic,Saudi,Full,2016,4.0,208000,False,100000
Rav4,Dammam,Toyota,Automatic,Saudi,Semi Full,2018,2.5,74000,False,79000
Innova,Riyadh,Toyota,Automatic,Saudi,Full,2013,2.7,201000,False,36000
Prado,Jeddah,Toyota,Automatic,Saudi,Semi Full,2014,2.7,198000,False,76000
Camry,Al-Medina,Toyota,Automatic,Saudi,Full,2007,2.5,420000,False,25000
Camry,Riyadh,Toyota,Automatic,Gulf Arabic,Semi Full,2016,2.5,111,False,49000
Yaris,Dammam,Toyota,Automatic,Saudi,Standard,2016,1.5,133300,False,26000
Hilux,Riyadh,Toyota,Manual,Saudi,Standard,2018,2.7,132000,False,77000
Corolla,Jazan,Toyota,Automatic,Saudi,Semi Full,2013,1.6,220000,False,30000
Hiace,Riyadh,Toyota,Manual,Saudi,Standard,2016,2.4,307000,False,60000
Land Cruiser,Tabouk,Toyota,Automatic,Gulf Arabic,Full,2013,4.6,186,False,138000
Camry,Al-Medina,Toyota,Automatic,Saudi,Full,2016,2.5,222000,False,58000
Land Cruiser,Dammam,Toyota,Manual,Saudi,Standard,2007,4.5,480000,False,65000
Hilux,Jeddah,Toyota,Manual,Saudi,Full,2016,2.7,175000,False,77000
Corolla,Dammam,Toyota,Manual,Other,Standard,1997,1.3,32500,False,7000
Hilux,Najran,Toyota,Manual,Saudi,Full,2014,2.7,98000,False,70000
Land Cruiser,Al-Baha,Toyota,Automatic,Gulf Arabic,Full,2006,4.6,285,False,65000
Land Cruiser 70,Taef,Toyota,Manual,Saudi,Full,2020,4.0,45000,False,2450
